,test,predict
0,646.9,253.12445559476953
1,149.5,367.9570495267069
2,315.9,278.96446521012956
3,575.5,347.9316442328138
4,191.4,294.4836876544706
5,407.6,335.90460848785517
6,421.6,303.8043600869519
7,194.3,328.6813045552938
8,192.8,309.4022523077245
9,287.0,324.3430685336684
10,122.9,312.76428412918233
11,581.3,321.7375722185417
12,266.0,314.7834830566913
13,180.3,320.1727401037608
14,437.4,315.99619147986306
